date,channel,campaign,spend_inr,impressions,clicks,installs,trials,renewals,annual_renewals,revenue_inr,refunds_inr
2026-06-01,meta,mt_broad_aoa,56854.19,1412453,47415,4234,308,88,17,34820.0,533.29
2026-06-02,meta,mt_broad_aoa,72975.08,1380749,50362,5247,328,92,21,39636.0,709.88
2026-06-03,meta,mt_broad_aoa,63163.06,1404063,51025,4531,336,104,19,40032.0,788.51
2026-06-04,meta,mt_broad_aoa,64369.65,1651481,58309,5043,394,107,24,45687.0,1383.0
2026-06-05,meta,mt_broad_aoa,60087.74,1474636,47895,4159,285,92,27,45593.0,1355.38
2026-06-06,meta,mt_broad_aoa,74622.28,1716468,58511,5423,309,93,20,38816.0,620.77
2026-06-07,meta,mt_broad_aoa,57009.91,1205494,42331,3978,260,84,14,30976.0,1017.04
2026-06-08,meta,mt_broad_aoa,56110.46,1044952,46949,3635,256,78,15,30778.0,297.78
2026-06-09,meta,mt_broad_aoa,69941.27,1716677,44668,4833,331,87,18,35644.0,1257.44
2026-06-10,meta,mt_broad_aoa,48820.16,1210882,42385,3647,279,88,18,35791.0,763.93
2026-06-11,meta,mt_broad_aoa,60806.25,1684687,51353,4614,349,105,23,44244.0,1473.97
2026-06-12,meta,mt_broad_aoa,66385.0,1495145,52143,4437,330,91,17,35439.0,1239.12
2026-06-13,meta,mt_broad_aoa,84041.84,2004818,75928,6141,406,124,26,51082.0,1920.06
2026-06-14,meta,mt_broad_aoa,68062.91,1761865,52301,4654,300,100,20,40200.0,1427.74
2026-06-15,meta,mt_broad_aoa,65785.23,1543358,45259,4526,356,98,22,41858.0,1447.44
2026-06-16,meta,mt_broad_aoa,69255.81,1821875,59630,5195,409,119,23,47090.0,1318.26
2026-06-17,meta,mt_broad_aoa,71156.24,1533296,56571,4610,286,81,16,32405.0,989.08
2026-06-18,meta,mt_broad_aoa,57713.05,1448958,39731,3688,242,73,15,29769.0,1213.56
2026-06-19,meta,mt_broad_aoa,71016.91,1901915,64594,5125,331,121,25,49410.0,1544.1
2026-06-20,meta,mt_broad_aoa,75054.53,1510192,55137,4978,373,116,28,51457.0,1756.15
2026-06-21,meta,mt_broad_aoa,69470.81,1869517,75136,5576,343,114,28,51029.0,637.49
2026-06-22,meta,mt_broad_aoa,64877.73,1445024,48780,4274,321,92,21,39629.0,1240.97
2026-06-23,meta,mt_broad_aoa,54684.52,1543210,44105,3872,277,87,20,37590.0,981.52
2026-06-24,meta,mt_broad_aoa,57348.68,1322147,41122,4113,290,78,19,34812.0,1056.07
2026-06-25,meta,mt_broad_aoa,68921.49,1611736,55289,4828,341,114,27,50027.0,2360.59
2026-06-26,meta,mt_broad_aoa,69220.7,1496014,52206,4743,333,95,21,40238.0,697.04
2026-06-27,meta,mt_broad_aoa,77889.51,1905637,69482,5385,322,103,24,44819.0,1252.33
2026-06-28,meta,mt_broad_aoa,58813.31,1209320,42715,3899,266,79,17,32987.0,1089.39
2026-06-29,meta,mt_broad_aoa,56712.59,1169696,45384,3847,291,76,20,35415.0,743.39
2026-06-30,meta,mt_broad_aoa,62566.01,1538447,47090,4094,274,86,19,36388.0,1574.77
2026-07-01,meta,mt_broad_aoa,69644.31,1543556,47903,4648,321,97,23,42624.0,1261.35
2026-07-02,meta,mt_broad_aoa,69353.8,1562041,48540,4708,357,111,23,45446.0,682.75
2026-07-03,meta,mt_broad_aoa,62065.49,1462893,45260,4366,296,81,17,33415.0,747.1
2026-07-04,meta,mt_broad_aoa,67320.15,1629414,46615,4340,314,88,20,37826.0,831.89
2026-07-05,meta,mt_broad_aoa,84459.53,1979433,65600,6132,489,162,37,69727.0,2377.14
2026-07-06,meta,mt_broad_aoa,70240.49,1724163,48765,4938,395,136,30,57459.0,601.66
2026-07-07,meta,mt_broad_aoa,66073.67,1700918,52501,4682,318,87,18,35631.0,958.09
2026-07-08,meta,mt_broad_aoa,63606.26,1362309,46316,4212,315,96,18,37419.0,1466.85
2026-07-09,meta,mt_broad_aoa,66178.09,1278938,51499,4165,314,103,20,40811.0,976.71
2026-07-10,meta,mt_broad_aoa,74474.45,1681092,53692,4521,306,92,20,38614.0,1228.08
2026-07-11,meta,mt_broad_aoa,75176.35,1997546,47712,5735,419,115,27,50304.0,986.83
2026-07-12,meta,mt_broad_aoa,76230.91,1727254,60544,5382,368,116,23,46452.0,1076.23
2026-07-13,meta,mt_broad_aoa,58537.11,1343483,49351,4078,289,83,19,35806.0,798.57
2026-07-14,meta,mt_broad_aoa,69569.93,1523740,55297,4584,360,108,27,48852.0,1128.56
2026-07-15,meta,mt_broad_aoa,66767.43,1602343,46664,4303,286,93,21,39793.0,763.69
2026-07-16,meta,mt_broad_aoa,71613.17,1650887,65556,4488,287,69,16,30018.0,1112.67
2026-07-17,meta,mt_broad_aoa,64364.47,1530918,51939,4260,322,104,23,44018.0,1290.2
2026-07-18,meta,mt_broad_aoa,83254.41,1808437,67106,5915,431,136,33,60495.0,618.41
2026-07-19,meta,mt_broad_aoa,68515.94,1672130,64067,4969,362,110,23,45252.0,1964.87
2026-07-20,meta,mt_broad_aoa,76280.15,1935572,60480,5268,398,137,25,52661.0,1135.63
2026-07-21,meta,mt_broad_aoa,87750.49,1851442,51218,5618,378,119,26,50059.0,2170.2
2026-07-22,meta,mt_broad_aoa,64850.14,1305845,37937,4022,262,76,15,30386.0,794.18
2026-07-23,meta,mt_broad_aoa,68797.33,1428925,44101,3921,284,78,19,34806.0,690.94
2026-07-24,meta,mt_broad_aoa,72586.51,1573787,55574,4689,355,105,25,46250.0,1286.35
2026-07-25,meta,mt_broad_aoa,79623.6,1495104,61625,4876,356,120,21,45236.0,1345.06
2026-07-26,meta,mt_broad_aoa,83340.43,2184184,60259,5796,372,106,24,45466.0,1297.51
2026-07-27,meta,mt_broad_aoa,71934.0,1393032,54024,4752,329,108,22,43821.0,957.4
2026-07-28,meta,mt_broad_aoa,70365.78,1671637,57269,5128,355,103,21,41852.0,1885.07
2026-07-29,meta,mt_broad_aoa,71033.15,1602185,53856,4407,285,94,21,39991.0,555.9
2026-07-30,meta,mt_broad_aoa,75113.32,1575444,47376,4352,326,98,23,42828.0,1549.78
2026-07-31,meta,mt_broad_aoa,59245.98,1183390,51268,3924,287,97,22,41590.0,1511.59
2026-08-01,meta,mt_broad_aoa,85975.5,1721197,57429,5170,344,108,23,44836.0,1548.26
2026-08-02,meta,mt_broad_aoa,75745.8,1648407,49655,4913,355,126,21,46429.0,957.6
2026-08-03,meta,mt_broad_aoa,70391.61,1417507,52144,4290,304,88,19,36816.0,858.46
2026-08-04,meta,mt_broad_aoa,63044.85,1552048,46890,4206,263,77,15,30586.0,1356.84
2026-08-05,meta,mt_broad_aoa,70895.04,1766847,54589,4661,324,101,22,42423.0,905.94
2026-08-06,meta,mt_broad_aoa,76522.23,1564778,53106,4967,360,113,26,48847.0,981.26
2026-08-07,meta,mt_broad_aoa,64792.14,1352298,44425,4196,314,102,26,46612.0,1267.47
2026-08-08,meta,mt_broad_aoa,78876.37,1637211,59253,5118,345,99,21,41046.0,823.64
2026-08-09,meta,mt_broad_aoa,79264.63,1799468,52204,4967,316,88,20,37828.0,1228.12
2026-08-10,meta,mt_broad_aoa,55144.57,1277165,40070,3352,226,68,10,23758.0,757.64
2026-08-11,meta,mt_broad_aoa,69219.28,1597365,55026,4725,343,108,21,42835.0,1785.33
2026-08-12,meta,mt_broad_aoa,76369.38,1443308,56009,4509,334,90,21,39244.0,1119.03
2026-08-13,meta,mt_broad_aoa,58148.64,1300983,36747,3865,276,85,17,34191.0,1436.29
2026-08-14,meta,mt_broad_aoa,71742.59,1498412,42009,4207,272,81,14,30391.0,972.26
2026-08-15,meta,mt_broad_aoa,89089.56,2055566,70670,5848,391,127,26,51664.0,1387.45
2026-08-16,meta,mt_broad_aoa,71944.41,1475802,64991,4607,268,88,18,35780.0,891.87
2026-08-17,meta,mt_broad_aoa,71757.43,1486002,56508,4646,303,98,17,36805.0,647.67
2026-08-18,meta,mt_broad_aoa,72126.61,1564664,45847,4850,387,118,28,51869.0,1090.84
2026-08-19,meta,mt_broad_aoa,72223.01,1559732,48232,4537,337,109,21,43028.0,1109.93
2026-08-20,meta,mt_broad_aoa,70065.87,1586149,52503,4538,331,100,24,44231.0,838.47
2026-08-21,meta,mt_broad_aoa,75861.19,1367910,54866,4668,346,122,26,50624.0,1240.09
2026-08-22,meta,mt_broad_aoa,77191.02,1990068,61256,5214,349,118,25,48831.0,1792.73
2026-08-23,meta,mt_broad_aoa,77879.27,1786835,50467,5363,390,118,26,49872.0,286.63
2026-08-24,meta,mt_broad_aoa,80441.8,1762302,62714,4938,336,117,32,55619.0,1163.67
2026-08-25,meta,mt_broad_aoa,82062.14,1566519,60713,4872,364,124,26,51040.0,1408.65
2026-08-26,meta,mt_broad_aoa,80090.45,1409908,54211,4469,317,85,17,34232.0,967.86
2026-08-27,meta,mt_broad_aoa,82345.24,1772341,49253,4943,353,129,27,53024.0,1572.94
2026-08-28,meta,mt_broad_aoa,71022.34,1429711,49877,4289,262,84,17,33978.0,715.17
2026-08-29,meta,mt_broad_aoa,93660.85,2126272,68085,5922,410,134,32,59076.0,2038.27
2026-06-01,meta,mt_lookalike_3pct,46427.69,1911026,52706,5435,590,91,8,26699.0,646.07
2026-06-02,meta,mt_lookalike_3pct,54705.14,1828811,51669,5655,617,84,7,24333.0,501.58
2026-06-03,meta,mt_lookalike_3pct,44298.41,1750760,66820,5120,594,87,6,23907.0,488.71
2026-06-04,meta,mt_lookalike_3pct,57406.22,1796865,71125,5963,749,101,9,29848.0,1070.7
2026-06-05,meta,mt_lookalike_3pct,46592.37,1740985,53448,5075,550,65,6,19485.0,375.15
2026-06-06,meta,mt_lookalike_3pct,51689.28,2136973,65875,5409,566,87,7,24879.0,668.99
2026-06-07,meta,mt_lookalike_3pct,50303.9,1721860,58440,5219,615,76,7,22739.0,567.65
2026-06-08,meta,mt_lookalike_3pct,50750.99,1689238,65152,5786,654,76,7,22778.0,573.36
2026-06-09,meta,mt_lookalike_3pct,51237.15,2136142,64074,5975,731,104,8,29427.0,803.25
2026-06-10,meta,mt_lookalike_3pct,55800.07,1844827,68362,5741,641,88,7,25153.0,343.8
2026-06-11,meta,mt_lookalike_3pct,40670.21,1566924,55162,4370,524,70,6,20454.0,653.77
2026-06-12,meta,mt_lookalike_3pct,45075.94,1593355,58240,4932,653,87,8,25966.0,551.4
2026-06-13,meta,mt_lookalike_3pct,51932.99,1814028,80383,5496,564,67,6,19897.0,840.13
2026-06-14,meta,mt_lookalike_3pct,55224.67,2136332,65426,5939,613,88,8,26125.0,776.99
2026-06-15,meta,mt_lookalike_3pct,45840.28,1719677,56107,4978,577,86,7,24691.0,663.3
2026-06-16,meta,mt_lookalike_3pct,53707.88,1890849,63794,5269,607,78,5,21129.0,595.22
2026-06-17,meta,mt_lookalike_3pct,54547.09,2204836,49961,6124,688,91,6,24797.0,559.92
2026-06-18,meta,mt_lookalike_3pct,52202.29,1731155,72145,5631,637,85,9,26552.0,1335.74
2026-06-19,meta,mt_lookalike_3pct,46515.39,1661722,55652,4850,581,78,6,22103.0,538.57
2026-06-20,meta,mt_lookalike_3pct,59070.22,2346459,78238,6856,725,104,7,28421.0,608.65
2026-06-21,meta,mt_lookalike_3pct,48850.67,1617630,52769,4807,534,75,5,20459.0,541.06
2026-06-22,meta,mt_lookalike_3pct,38217.12,1565344,44634,4128,504,67,4,17837.0,535.62
2026-06-23,meta,mt_lookalike_3pct,48646.89,1617817,54402,4713,502,75,8,23427.0,391.33
2026-06-24,meta,mt_lookalike_3pct,63523.16,2057621,79968,6667,729,97,6,26032.0,1058.54
2026-06-25,meta,mt_lookalike_3pct,48553.82,1706220,63085,5421,633,85,6,23548.0,857.31
2026-06-26,meta,mt_lookalike_3pct,55744.02,1903017,57012,5118,510,72,5,19838.0,588.8
2026-06-27,meta,mt_lookalike_3pct,53711.24,2147276,61816,6014,704,93,7,26211.0,1078.31
2026-06-28,meta,mt_lookalike_3pct,51735.6,1922691,64524,5746,628,83,8,25145.0,783.34
2026-06-29,meta,mt_lookalike_3pct,45456.83,1545406,51579,4536,533,79,7,23254.0,522.57
2026-06-30,meta,mt_lookalike_3pct,54071.29,1866346,58993,5565,678,105,9,30573.0,892.11
2026-07-01,meta,mt_lookalike_3pct,50800.61,1833080,63398,5355,603,84,7,24319.0,529.41
2026-07-02,meta,mt_lookalike_3pct,48644.03,1647961,49255,4686,483,67,5,18816.0,661.84
2026-07-03,meta,mt_lookalike_3pct,44668.84,1728874,48337,4667,592,79,6,22313.0,942.96
2026-07-04,meta,mt_lookalike_3pct,58049.52,2044345,65153,5590,582,76,8,23706.0,713.19
2026-07-05,meta,mt_lookalike_3pct,61333.06,2489195,88049,6733,685,100,11,31585.0,646.75
2026-07-06,meta,mt_lookalike_3pct,54485.76,1950852,63854,5351,739,112,10,33027.0,1298.18
2026-07-07,meta,mt_lookalike_3pct,51313.64,1790181,65082,5591,611,88,8,26123.0,746.85
2026-07-08,meta,mt_lookalike_3pct,49252.32,1867005,63447,5021,461,55,5,16406.0,305.75
2026-07-09,meta,mt_lookalike_3pct,55995.56,1917908,57000,6029,650,88,6,24162.0,922.17
2026-07-10,meta,mt_lookalike_3pct,56172.25,1870480,66840,5608,624,84,8,25340.0,684.11
2026-07-11,meta,mt_lookalike_3pct,55508.36,1743030,73698,5458,654,94,7,26360.0,600.01
2026-07-12,meta,mt_lookalike_3pct,59204.93,1832469,74504,5989,690,97,8,27993.0,1091.66
2026-07-13,meta,mt_lookalike_3pct,52300.59,2075450,64886,5720,720,101,8,28819.0,926.07
2026-07-14,meta,mt_lookalike_3pct,52644.06,1829609,62581,5492,741,106,8,29835.0,622.12
2026-07-15,meta,mt_lookalike_3pct,45731.25,1665948,50321,4939,576,85,8,25491.0,850.15
2026-07-16,meta,mt_lookalike_3pct,56716.17,1733192,66800,5534,663,98,10,30165.0,838.68
2026-07-17,meta,mt_lookalike_3pct,55161.27,2073125,70584,5603,715,97,7,27018.0,875.29
2026-07-18,meta,mt_lookalike_3pct,60863.02,2075289,66779,5743,621,94,7,26327.0,687.81
2026-07-19,meta,mt_lookalike_3pct,52977.11,1827855,64882,5477,625,92,9,27933.0,565.95
2026-07-20,meta,mt_lookalike_3pct,55652.71,1773714,67296,5189,641,86,6,23755.0,926.52
2026-07-21,meta,mt_lookalike_3pct,61012.08,2211588,78920,6157,757,101,8,28856.0,617.27
2026-07-22,meta,mt_lookalike_3pct,56301.7,2004821,64099,5784,627,90,6,24537.0,616.27
2026-07-23,meta,mt_lookalike_3pct,61147.05,2195949,66742,6137,692,99,9,29393.0,1274.09
2026-07-24,meta,mt_lookalike_3pct,46889.97,1697690,58932,4411,503,66,5,18637.0,417.95
2026-07-25,meta,mt_lookalike_3pct,66659.69,2650193,68963,6782,699,91,8,26808.0,811.12
2026-07-26,meta,mt_lookalike_3pct,65151.75,2290065,79488,6471,664,95,7,26569.0,683.1
2026-07-27,meta,mt_lookalike_3pct,55960.0,1928453,59910,5226,585,80,5,21505.0,640.95
2026-07-28,meta,mt_lookalike_3pct,59732.13,1862079,73285,5557,651,90,8,26561.0,628.99
2026-07-29,meta,mt_lookalike_3pct,63495.42,1775359,72311,6248,756,103,8,29253.0,871.12
2026-07-30,meta,mt_lookalike_3pct,69043.06,2255072,83224,6971,857,117,9,33140.0,843.5
2026-07-31,meta,mt_lookalike_3pct,62456.25,2190743,66489,6670,843,127,10,36116.0,1267.74
2026-08-01,meta,mt_lookalike_3pct,75497.32,2436238,83833,7140,786,114,11,34472.0,1154.44
2026-08-02,meta,mt_lookalike_3pct,86158.76,3361453,110775,9023,1031,155,13,44876.0,1511.04
2026-08-03,meta,mt_lookalike_3pct,70376.64,2278171,79503,6923,742,90,8,26652.0,787.41
2026-08-04,meta,mt_lookalike_3pct,70975.45,2334776,97816,7444,856,137,11,39119.0,748.67
2026-08-05,meta,mt_lookalike_3pct,64512.43,2489471,81794,6653,693,95,7,26598.0,207.22
2026-08-06,meta,mt_lookalike_3pct,59950.07,1781858,69257,5634,613,89,6,24324.0,645.62
2026-08-07,meta,mt_lookalike_3pct,69808.87,2413618,68406,6459,700,109,9,31391.0,810.17
2026-08-08,meta,mt_lookalike_3pct,70994.41,2111614,76064,6674,750,104,8,29446.0,880.83
2026-08-09,meta,mt_lookalike_3pct,72815.0,2241726,83557,6944,747,106,10,31841.0,800.82
2026-08-10,meta,mt_lookalike_3pct,69655.34,2497744,96217,7049,747,97,8,28050.0,869.59
2026-08-11,meta,mt_lookalike_3pct,77513.02,2788378,86022,7520,827,118,9,33309.0,805.73
2026-08-12,meta,mt_lookalike_3pct,59295.27,1925380,65034,5498,668,94,8,27374.0,634.67
2026-08-13,meta,mt_lookalike_3pct,75024.69,2110780,81442,7077,889,132,13,40157.0,1602.42
2026-08-14,meta,mt_lookalike_3pct,75259.61,2526146,81542,6921,783,122,13,38061.0,1254.6
2026-08-15,meta,mt_lookalike_3pct,90976.15,2698346,94604,8433,904,120,11,35784.0,823.97
2026-08-16,meta,mt_lookalike_3pct,78308.33,2466520,76862,7319,789,116,10,33873.0,518.36
2026-08-17,meta,mt_lookalike_3pct,69426.72,2620039,81839,7085,785,106,9,30879.0,892.17
2026-08-18,meta,mt_lookalike_3pct,84358.05,2832746,85869,8406,915,147,13,43168.0,1166.32
2026-08-19,meta,mt_lookalike_3pct,80426.1,2551572,90171,7037,809,114,9,32495.0,929.97
2026-08-20,meta,mt_lookalike_3pct,74955.95,2520748,76160,6907,794,123,12,37271.0,933.72
2026-08-21,meta,mt_lookalike_3pct,74592.22,2450871,74190,7365,830,105,11,32725.0,1490.22
2026-08-22,meta,mt_lookalike_3pct,94972.52,2775763,93575,9068,953,128,10,36425.0,882.43
2026-08-23,meta,mt_lookalike_3pct,99231.39,3098948,109843,9230,1030,125,9,34905.0,1106.96
2026-08-24,meta,mt_lookalike_3pct,86894.26,3097142,96620,8448,828,114,10,33514.0,1327.46
2026-08-25,meta,mt_lookalike_3pct,86805.33,2703462,91018,8251,944,124,8,33620.0,1356.56
2026-08-26,meta,mt_lookalike_3pct,79928.83,2385787,103370,8337,890,126,10,35964.0,772.38
2026-08-27,meta,mt_lookalike_3pct,91443.4,3294735,100053,8198,984,138,13,41446.0,1545.38
2026-08-28,meta,mt_lookalike_3pct,72729.83,2055169,75417,6671,748,113,10,33235.0,845.36
2026-08-29,meta,mt_lookalike_3pct,111680.68,3403803,96765,10121,988,134,9,36654.0,987.02
2026-06-01,meta,mt_retarget_paywall,16146.1,226322,8145,634,109,39,11,18870.0,671.01
2026-06-02,meta,mt_retarget_paywall,15751.42,185135,6353,537,100,33,10,16667.0,521.03
2026-06-03,meta,mt_retarget_paywall,12337.14,136584,4366,404,75,25,8,13050.0,192.83
2026-06-04,meta,mt_retarget_paywall,16549.95,219078,6990,613,109,41,12,20268.0,827.19
2026-06-05,meta,mt_retarget_paywall,15503.26,216184,6350,561,103,35,10,17068.0,647.21
2026-06-06,meta,mt_retarget_paywall,17521.64,185957,6632,611,109,39,13,20870.0,504.93
2026-06-07,meta,mt_retarget_paywall,16672.41,213687,7174,618,106,39,10,17867.0,504.57
2026-06-08,meta,mt_retarget_paywall,17112.96,189165,7912,604,113,46,14,23267.0,760.86
2026-06-09,meta,mt_retarget_paywall,15934.1,220722,7501,665,137,49,16,25888.0,439.06
2026-06-10,meta,mt_retarget_paywall,14833.77,194786,5969,519,103,31,10,16272.0,596.61
2026-06-11,meta,mt_retarget_paywall,15628.53,178201,5570,538,99,39,15,22860.0,741.36
2026-06-12,meta,mt_retarget_paywall,15845.24,184149,6630,595,118,37,9,16481.0,319.05
2026-06-13,meta,mt_retarget_paywall,17044.5,200487,5329,560,92,35,11,18057.0,327.05
2026-06-14,meta,mt_retarget_paywall,16216.46,197014,6553,545,105,38,11,18667.0,526.77
2026-06-15,meta,mt_retarget_paywall,13916.12,156266,5742,473,84,30,8,14054.0,339.9
2026-06-16,meta,mt_retarget_paywall,15266.63,162669,5013,525,104,31,10,16273.0,309.19
2026-06-17,meta,mt_retarget_paywall,17946.73,222625,7769,657,111,37,12,19474.0,365.78
2026-06-18,meta,mt_retarget_paywall,15425.65,143970,5442,490,100,32,8,14468.0,466.45
2026-06-19,meta,mt_retarget_paywall,15993.23,188082,7525,540,109,43,13,21666.0,789.97
2026-06-20,meta,mt_retarget_paywall,16540.7,220696,6179,606,116,45,9,18071.0,530.12
2026-06-21,meta,mt_retarget_paywall,19060.71,223812,7621,654,124,46,14,23278.0,876.63
2026-06-22,meta,mt_retarget_paywall,17242.75,181626,6372,560,118,44,13,21874.0,658.42
2026-06-23,meta,mt_retarget_paywall,15471.32,216201,6950,590,103,39,14,21864.0,594.98
2026-06-24,meta,mt_retarget_paywall,14489.21,172386,5876,501,104,42,13,21462.0,686.25
2026-06-25,meta,mt_retarget_paywall,14594.62,175866,5292,526,89,31,9,15258.0,582.69
2026-06-26,meta,mt_retarget_paywall,14859.14,200796,6317,592,120,47,14,23473.0,713.3
2026-06-27,meta,mt_retarget_paywall,20097.89,206934,7743,679,128,40,10,18088.0,481.68
2026-06-28,meta,mt_retarget_paywall,18633.76,223895,7011,650,117,39,12,19878.0,363.16
2026-06-29,meta,mt_retarget_paywall,14231.37,189495,5422,497,100,39,10,17861.0,614.7
2026-06-30,meta,mt_retarget_paywall,14790.39,164691,5324,481,93,30,6,12063.0,131.79
2026-07-01,meta,mt_retarget_paywall,15631.79,175406,5936,521,107,34,10,16873.0,167.58
2026-07-02,meta,mt_retarget_paywall,15610.82,160743,6250,499,100,38,14,21662.0,618.67
2026-07-03,meta,mt_retarget_paywall,15127.73,177311,5709,508,97,36,13,20261.0,648.87
2026-07-04,meta,mt_retarget_paywall,21229.46,259420,8667,699,108,37,11,18471.0,456.87
2026-07-05,meta,mt_retarget_paywall,17477.41,214667,6596,607,108,33,9,15675.0,437.42
2026-07-06,meta,mt_retarget_paywall,17486.4,195563,6951,559,118,45,14,23073.0,956.33
2026-07-07,meta,mt_retarget_paywall,18449.54,212604,7729,652,140,42,16,24498.0,571.46
2026-07-08,meta,mt_retarget_paywall,14101.41,161123,7163,493,99,33,9,15666.0,377.13
2026-07-09,meta,mt_retarget_paywall,17743.27,195209,6196,550,97,36,13,20261.0,342.67
2026-07-10,meta,mt_retarget_paywall,15035.32,133765,5847,452,87,35,12,19052.0,477.43
2026-07-11,meta,mt_retarget_paywall,17999.85,204753,6156,602,111,40,11,19071.0,566.33
2026-07-12,meta,mt_retarget_paywall,18549.72,200474,6053,631,121,45,14,23076.0,744.28
2026-07-13,meta,mt_retarget_paywall,15813.69,206807,6647,601,114,41,12,20273.0,509.35
2026-07-14,meta,mt_retarget_paywall,16502.15,174150,6609,555,97,37,9,16460.0,403.81
2026-07-15,meta,mt_retarget_paywall,17656.36,188602,6746,559,101,34,9,15867.0,294.75
2026-07-16,meta,mt_retarget_paywall,15336.3,170147,6867,525,102,36,12,19266.0,553.64
2026-07-17,meta,mt_retarget_paywall,12534.94,145460,4394,410,76,23,7,11653.0,187.47
2026-07-18,meta,mt_retarget_paywall,17983.2,215162,6860,566,114,41,8,16273.0,342.06
2026-07-19,meta,mt_retarget_paywall,24464.66,273739,9694,795,145,52,17,27493.0,1036.67
2026-07-20,meta,mt_retarget_paywall,16513.5,183993,6279,567,111,40,13,21071.0,437.29
2026-07-21,meta,mt_retarget_paywall,15888.11,161675,7055,512,106,38,13,20668.0,486.71
2026-07-22,meta,mt_retarget_paywall,17128.39,164671,5375,504,92,36,14,21256.0,260.89
2026-07-23,meta,mt_retarget_paywall,14781.51,168914,5820,497,94,33,9,15661.0,510.12
2026-07-24,meta,mt_retarget_paywall,16793.63,163547,7136,531,99,33,8,14666.0,381.33
2026-07-25,meta,mt_retarget_paywall,16695.96,187978,6372,558,100,38,11,18662.0,359.75
2026-07-26,meta,mt_retarget_paywall,19318.52,218711,8859,700,129,49,14,23880.0,964.03
2026-07-27,meta,mt_retarget_paywall,16406.24,175536,5581,485,92,29,9,14863.0,452.34
2026-07-28,meta,mt_retarget_paywall,16910.35,189087,5458,546,102,36,12,19266.0,241.58
2026-07-29,meta,mt_retarget_paywall,16562.32,194932,5770,535,105,38,12,19667.0,596.25
2026-07-30,meta,mt_retarget_paywall,17179.31,201230,6068,512,107,40,13,21067.0,414.6
2026-07-31,meta,mt_retarget_paywall,15336.69,156224,6933,526,97,36,12,19261.0,621.42
2026-08-01,meta,mt_retarget_paywall,16049.93,185784,5225,514,91,32,9,15459.0,663.04
2026-08-02,meta,mt_retarget_paywall,19435.83,238510,8176,660,121,40,13,21081.0,500.87
2026-08-03,meta,mt_retarget_paywall,14243.79,153288,5211,453,84,28,9,14656.0,323.91
2026-08-04,meta,mt_retarget_paywall,18339.4,188460,6996,623,124,43,13,21681.0,653.72
2026-08-05,meta,mt_retarget_paywall,17344.45,185894,5571,531,102,40,14,22062.0,369.46
2026-08-06,meta,mt_retarget_paywall,15182.55,158187,5178,496,90,33,9,15657.0,502.93
2026-08-07,meta,mt_retarget_paywall,15071.19,177688,6934,541,110,36,12,19274.0,652.92
2026-08-08,meta,mt_retarget_paywall,20681.12,226766,6952,682,121,45,13,22076.0,600.86
2026-08-09,meta,mt_retarget_paywall,19829.33,214203,6816,643,116,43,10,18673.0,640.91
2026-08-10,meta,mt_retarget_paywall,16596.72,238321,6727,552,111,35,13,20076.0,864.18
2026-08-11,meta,mt_retarget_paywall,17237.02,236178,7274,635,128,48,14,23680.0,479.83
2026-08-12,meta,mt_retarget_paywall,20224.37,180875,6781,617,125,42,14,22483.0,434.74
2026-08-13,meta,mt_retarget_paywall,16601.68,141730,5929,473,80,31,10,16249.0,676.49
2026-08-14,meta,mt_retarget_paywall,20235.0,230924,7294,609,129,44,15,23885.0,1223.05
2026-08-15,meta,mt_retarget_paywall,20203.49,210494,6820,629,117,42,14,22475.0,922.52
2026-08-16,meta,mt_retarget_paywall,23806.3,209367,8751,706,120,40,10,18080.0,484.39
2026-08-17,meta,mt_retarget_paywall,18982.92,189027,6195,581,100,37,11,18463.0,293.21
2026-08-18,meta,mt_retarget_paywall,19038.05,217076,6417,634,118,38,10,17680.0,374.09
2026-08-19,meta,mt_retarget_paywall,15649.44,164712,5740,493,102,33,9,15669.0,388.33
2026-08-20,meta,mt_retarget_paywall,17429.21,200569,5698,547,111,42,13,21469.0,899.66
2026-08-21,meta,mt_retarget_paywall,18791.02,206635,5555,616,114,45,15,24069.0,1016.7
2026-08-22,meta,mt_retarget_paywall,21590.03,205945,6686,639,107,36,11,18271.0,376.06
2026-08-23,meta,mt_retarget_paywall,19350.74,252496,8023,633,115,32,9,15483.0,585.37
2026-08-24,meta,mt_retarget_paywall,16490.13,174302,7444,564,104,38,11,18666.0,621.09
2026-08-25,meta,mt_retarget_paywall,16039.06,182932,6606,539,102,34,10,16868.0,521.33
2026-08-26,meta,mt_retarget_paywall,18573.99,228857,5948,603,118,42,12,20476.0,549.89
2026-08-27,meta,mt_retarget_paywall,17670.45,191881,6159,537,106,43,13,21663.0,265.87
2026-08-28,meta,mt_retarget_paywall,18207.02,207595,7569,582,105,39,10,17866.0,524.61
2026-08-29,meta,mt_retarget_paywall,22525.26,222227,5773,666,120,44,14,22876.0,556.13
2026-06-01,google,gg_uac_installs,58457.28,1620558,63352,4968,308,96,18,37412.0,682.21
2026-06-02,google,gg_uac_installs,50527.24,1603039,44775,4143,241,69,12,25972.0,931.92
2026-06-03,google,gg_uac_installs,60170.52,1763809,62126,4979,316,93,16,34823.0,711.76
2026-06-04,google,gg_uac_installs,62967.86,1945337,56698,5504,334,89,14,32045.0,1010.68
2026-06-05,google,gg_uac_installs,53506.06,1790549,56461,5336,348,109,20,42039.0,992.14
2026-06-06,google,gg_uac_installs,61800.47,1655309,66178,5052,286,72,13,27614.0,503.02
2026-06-07,google,gg_uac_installs,57205.0,1818273,55083,5080,286,76,14,29410.0,800.48
2026-06-08,google,gg_uac_installs,58352.65,1661537,59819,4758,304,79,12,28025.0,523.19
2026-06-09,google,gg_uac_installs,55095.25,1364389,48345,4466,272,78,13,28794.0,515.58
2026-06-10,google,gg_uac_installs,47994.67,1481785,49049,4452,269,66,10,23403.0,760.73
2026-06-11,google,gg_uac_installs,57935.52,1724928,67361,5367,354,108,20,41846.0,789.69
2026-06-12,google,gg_uac_installs,55549.44,1463894,59071,4638,256,80,13,29176.0,594.95
2026-06-13,google,gg_uac_installs,61245.97,1762804,62467,5066,288,71,13,27417.0,770.53
2026-06-14,google,gg_uac_installs,68146.79,2119679,63106,5670,300,80,16,32220.0,1262.64
2026-06-15,google,gg_uac_installs,55184.81,1553014,60418,4819,299,81,14,30418.0,899.68
2026-06-16,google,gg_uac_installs,58339.78,1578206,55114,5034,261,77,16,31584.0,755.03
2026-06-17,google,gg_uac_installs,53620.83,1644874,53857,4672,255,76,14,29379.0,1363.27
2026-06-18,google,gg_uac_installs,60574.46,1622394,55733,4913,297,76,13,28421.0,313.84
2026-06-19,google,gg_uac_installs,62169.2,1646458,55634,4958,266,63,12,24803.0,754.71
2026-06-20,google,gg_uac_installs,58429.92,1700843,50759,4929,279,65,10,23214.0,237.33
2026-06-21,google,gg_uac_installs,63039.06,1827973,62678,5229,276,67,11,24609.0,894.19
2026-06-22,google,gg_uac_installs,54933.44,1414340,58184,4188,288,73,12,26815.0,327.93
2026-06-23,google,gg_uac_installs,54239.87,1630522,52682,4535,288,89,15,32999.0,856.99
2026-06-24,google,gg_uac_installs,58983.93,1803679,54580,5082,308,78,13,28830.0,1103.92
2026-06-25,google,gg_uac_installs,55328.79,1656208,52629,4501,285,88,12,29797.0,879.25
2026-06-26,google,gg_uac_installs,62687.39,1960377,60565,5222,345,99,21,41046.0,888.31
2026-06-27,google,gg_uac_installs,60559.1,1665350,56989,4819,317,89,15,33028.0,1137.43
2026-06-28,google,gg_uac_installs,57729.1,1781671,62382,5067,270,76,16,31394.0,793.93
2026-06-29,google,gg_uac_installs,58315.5,1805229,60870,5334,347,88,14,31859.0,828.13
2026-06-30,google,gg_uac_installs,62256.65,1937361,67070,5687,342,82,14,30660.0,915.98
2026-07-01,google,gg_uac_installs,60177.05,1471337,58569,4832,285,80,15,31205.0,893.93
2026-07-02,google,gg_uac_installs,53978.12,1577399,52887,4550,289,79,13,29010.0,838.01
2026-07-03,google,gg_uac_installs,54760.02,1708078,52572,4477,273,77,13,28596.0,647.1
2026-07-04,google,gg_uac_installs,71007.86,1846108,49958,5461,316,90,14,32226.0,770.35
2026-07-05,google,gg_uac_installs,71381.64,1838643,68337,5428,304,84,13,30020.0,913.33
2026-07-06,google,gg_uac_installs,62228.54,1599037,51169,4770,306,85,14,31221.0,402.94
2026-07-07,google,gg_uac_installs,63195.89,1557580,67676,5430,320,88,15,32832.0,1070.54
2026-07-08,google,gg_uac_installs,59375.63,1727400,57694,5058,339,85,15,32254.0,1401.8
2026-07-09,google,gg_uac_installs,59233.33,1742029,61586,5047,262,65,10,23197.0,509.46
2026-07-10,google,gg_uac_installs,53694.35,1333965,42530,3872,243,67,12,25576.0,938.27
2026-07-11,google,gg_uac_installs,68629.4,1978915,73157,5311,275,65,10,23210.0,400.66
2026-07-12,google,gg_uac_installs,69765.09,2043228,78088,5862,340,95,18,37245.0,803.79
2026-07-13,google,gg_uac_installs,60808.86,1450412,50375,4652,235,69,13,26966.0,1041.14
2026-07-14,google,gg_uac_installs,68512.48,1893497,56859,5381,322,87,18,35635.0,652.83
2026-07-15,google,gg_uac_installs,60215.43,1555860,51909,4486,240,70,11,25170.0,934.74
2026-07-16,google,gg_uac_installs,57529.65,1536209,55741,4496,288,73,15,29815.0,510.26
2026-07-17,google,gg_uac_installs,74135.45,1994682,55991,5598,343,104,18,39039.0,1135.52
2026-07-18,google,gg_uac_installs,68090.62,1898504,59194,5366,310,84,14,31026.0,774.87
2026-07-19,google,gg_uac_installs,63324.62,1717698,48065,4873,16,4,0,812.0,20.77
2026-07-20,google,gg_uac_installs,64707.58,1779490,60546,5240,20,5,0,1015.0,16.09
2026-07-21,google,gg_uac_installs,57477.04,1653426,49039,4531,14,4,0,810.0,16.94
2026-07-22,google,gg_uac_installs,63539.37,1752702,54972,4998,17,4,0,813.0,22.82
2026-07-23,google,gg_uac_installs,62062.5,1771378,53671,5037,18,4,0,814.0,27.04
2026-07-24,google,gg_uac_installs,56020.03,1575896,59951,4333,16,4,0,812.0,25.12
2026-07-25,google,gg_uac_installs,83017.29,1973509,60946,6164,366,114,18,41052.0,329.22
2026-07-26,google,gg_uac_installs,75976.78,2346495,76792,6279,364,99,14,34065.0,923.04
2026-07-27,google,gg_uac_installs,67894.3,1687162,66085,4795,292,78,16,31814.0,947.14
2026-07-28,google,gg_uac_installs,57822.91,1381034,41029,4160,267,60,11,23207.0,860.03
2026-07-29,google,gg_uac_installs,58535.23,1538270,42711,4269,277,69,12,26008.0,822.93
2026-07-30,google,gg_uac_installs,63083.46,2199171,60692,5684,324,90,18,36234.0,872.23
2026-07-31,google,gg_uac_installs,59737.39,1696266,53216,5088,330,79,16,32051.0,687.83
2026-08-01,google,gg_uac_installs,56770.19,1322958,48804,4489,267,67,10,23600.0,615.85
2026-08-02,google,gg_uac_installs,72602.9,1770730,70527,5695,323,85,16,33238.0,904.52
2026-08-03,google,gg_uac_installs,67747.7,1740218,70161,5478,324,91,16,34433.0,732.96
2026-08-04,google,gg_uac_installs,60414.24,1417151,53944,4525,300,85,13,30215.0,684.73
2026-08-05,google,gg_uac_installs,61801.37,1471316,54789,4996,297,91,15,33406.0,842.99
2026-08-06,google,gg_uac_installs,74117.78,1882793,69373,5943,367,95,17,36272.0,1399.14
2026-08-07,google,gg_uac_installs,73014.36,2133196,69813,5895,372,100,17,37272.0,1811.4
2026-08-08,google,gg_uac_installs,85038.85,2219239,68743,6687,396,104,17,38092.0,1418.75
2026-08-09,google,gg_uac_installs,75050.18,1866328,63280,5640,322,82,12,28640.0,806.82
2026-08-10,google,gg_uac_installs,65621.67,1822035,62298,5163,329,95,17,36234.0,695.97
2026-08-11,google,gg_uac_installs,59557.44,1686640,50730,4544,274,72,11,25602.0,626.57
2026-08-12,google,gg_uac_installs,71465.97,1943225,69207,5792,371,109,22,44062.0,965.52
2026-08-13,google,gg_uac_installs,64445.05,1441174,55736,4614,281,74,10,25007.0,477.13
2026-08-14,google,gg_uac_installs,64482.92,1739296,68804,5182,330,84,13,30046.0,625.21
2026-08-15,google,gg_uac_installs,71241.85,1923331,60490,5270,284,75,14,29209.0,947.08
2026-08-16,google,gg_uac_installs,69055.39,1639865,47945,5357,333,76,13,28457.0,787.47
2026-08-17,google,gg_uac_installs,59535.81,1522559,50327,4299,277,78,14,29799.0,717.39
2026-08-18,google,gg_uac_installs,65469.54,1759225,58417,5389,362,88,16,33874.0,1287.49
2026-08-19,google,gg_uac_installs,65379.43,1680924,59027,4984,293,82,15,31611.0,738.97
2026-08-20,google,gg_uac_installs,58658.29,1499533,40940,4576,291,76,10,25415.0,686.91
2026-08-21,google,gg_uac_installs,61691.75,1876523,51056,4892,276,76,9,24400.0,621.67
2026-08-22,google,gg_uac_installs,74628.51,2019447,76462,5988,352,89,16,34063.0,828.13
2026-08-23,google,gg_uac_installs,66558.05,1668195,61575,5206,334,94,16,35040.0,1049.98
2026-08-24,google,gg_uac_installs,61086.79,1701230,50103,4708,264,72,12,26592.0,428.82
2026-08-25,google,gg_uac_installs,61570.42,1383460,39138,4220,241,75,13,28166.0,317.32
2026-08-26,google,gg_uac_installs,63933.49,1626322,53779,4714,270,79,15,30991.0,1275.38
2026-08-27,google,gg_uac_installs,73086.2,1924695,62652,5678,383,97,15,34686.0,866.33
2026-08-28,google,gg_uac_installs,71818.79,1861197,72273,5527,356,102,14,34654.0,838.7
2026-08-29,google,gg_uac_installs,78124.16,1973660,63372,6339,338,83,14,30855.0,647.9
2026-06-01,google,gg_uac_actions,38662.91,681673,18480,2047,215,67,21,34548.0,473.35
2026-06-02,google,gg_uac_actions,36092.74,624947,19846,1833,180,57,19,30523.0,613.74
2026-06-03,google,gg_uac_actions,39503.25,659237,25277,1850,191,61,17,29330.0,315.52
2026-06-04,google,gg_uac_actions,38549.63,727015,25715,2138,232,80,28,44152.0,1078.29
2026-06-05,google,gg_uac_actions,41600.39,700356,23066,2162,229,74,14,28955.0,915.08
2026-06-06,google,gg_uac_actions,51063.51,1011940,35754,2675,245,73,22,36772.0,549.71
2026-06-07,google,gg_uac_actions,54691.18,915145,34281,2792,304,119,31,54985.0,987.94
2026-06-08,google,gg_uac_actions,42620.45,738319,18135,2169,226,70,16,30156.0,666.59
2026-06-09,google,gg_uac_actions,36723.51,686711,22630,2086,220,70,19,33150.0,1125.28
2026-06-10,google,gg_uac_actions,40486.12,691738,27863,2136,230,73,16,30757.0,1073.38
2026-06-11,google,gg_uac_actions,42144.57,757307,22813,2106,234,77,21,36557.0,873.94
2026-06-12,google,gg_uac_actions,45690.66,832159,25976,2336,221,71,17,31350.0,1274.87
2026-06-13,google,gg_uac_actions,47107.02,744237,24741,2271,226,86,24,41340.0,897.71
2026-06-14,google,gg_uac_actions,42204.82,832807,24757,2325,231,86,25,42345.0,1025.46
2026-06-15,google,gg_uac_actions,48514.86,823924,25749,2313,239,79,21,36960.0,630.02
2026-06-16,google,gg_uac_actions,46055.81,642245,27307,2192,193,61,15,27332.0,1076.45
2026-06-17,google,gg_uac_actions,36433.72,677004,17704,1750,176,48,14,23728.0,666.3
2026-06-18,google,gg_uac_actions,51780.06,954478,29453,2744,290,101,24,44389.0,960.22
2026-06-19,google,gg_uac_actions,42795.0,720012,23965,2153,254,91,25,43363.0,1183.98
2026-06-20,google,gg_uac_actions,46438.5,799445,31133,2392,227,64,19,31963.0,888.81
2026-06-21,google,gg_uac_actions,48949.26,761011,23118,2371,251,71,20,34380.0,315.54
2026-06-22,google,gg_uac_actions,41636.32,653109,25237,2204,226,84,17,33942.0,765.76
2026-06-23,google,gg_uac_actions,41276.66,789665,26040,2090,223,72,21,35551.0,1096.37
2026-06-24,google,gg_uac_actions,37607.85,647289,23140,1818,198,68,22,35730.0,879.71
2026-06-25,google,gg_uac_actions,46798.62,765158,23954,2335,232,80,20,36152.0,721.52
2026-06-26,google,gg_uac_actions,34940.66,554097,15329,1538,149,49,13,22900.0,523.3
2026-06-27,google,gg_uac_actions,49576.17,813224,23990,2397,224,81,24,40343.0,1058.13
2026-06-28,google,gg_uac_actions,49639.1,708807,25921,2231,217,74,28,42943.0,903.29
2026-06-29,google,gg_uac_actions,46315.37,1083927,31324,2645,307,108,30,51799.0,1296.93
2026-06-30,google,gg_uac_actions,41730.79,748182,21893,2179,211,62,14,26549.0,913.29
2026-07-01,google,gg_uac_actions,41106.09,675740,22243,1985,217,69,21,34948.0,1464.34
2026-07-02,google,gg_uac_actions,39606.36,712381,27098,1989,204,60,14,26144.0,922.73
2026-07-03,google,gg_uac_actions,38961.95,686899,25834,2045,205,69,19,32936.0,884.19
2026-07-04,google,gg_uac_actions,51633.69,816341,33706,2875,274,82,25,41592.0,1435.31
2026-07-05,google,gg_uac_actions,54054.45,899203,25999,2410,244,92,26,44552.0,1376.79
2026-07-06,google,gg_uac_actions,47093.31,840022,24989,2373,255,89,22,39966.0,751.19
2026-07-07,google,gg_uac_actions,46565.01,741131,21777,2128,185,67,17,30518.0,941.49
2026-07-08,google,gg_uac_actions,50696.1,869573,25926,2509,235,81,19,35354.0,707.21
2026-07-09,google,gg_uac_actions,43784.25,860954,24199,2223,200,66,17,30334.0,826.68
2026-07-10,google,gg_uac_actions,40486.97,706692,20941,1969,203,61,14,26342.0,791.37
2026-07-11,google,gg_uac_actions,47610.94,754732,28698,2415,249,82,19,35567.0,1034.05
2026-07-12,google,gg_uac_actions,49679.39,834652,29129,2264,249,85,22,39164.0,1074.11
2026-07-13,google,gg_uac_actions,42007.14,688442,22947,1847,185,63,19,31722.0,673.1
2026-07-14,google,gg_uac_actions,41813.97,626043,24519,1883,192,62,18,30530.0,718.25
2026-07-15,google,gg_uac_actions,50907.21,716496,28170,2326,225,74,22,36951.0,1035.95
2026-07-16,google,gg_uac_actions,41501.25,755544,24026,2152,194,61,19,31333.0,996.1
2026-07-17,google,gg_uac_actions,43184.3,612610,24435,2049,187,70,20,34117.0,1304.08
2026-07-18,google,gg_uac_actions,52202.41,927360,32217,2603,258,85,21,38173.0,994.15
2026-07-19,google,gg_uac_actions,50517.75,759070,29052,2371,14,4,0,810.0,23.61
2026-07-20,google,gg_uac_actions,44118.08,666079,27314,2117,13,4,1,1809.0,51.16
2026-07-21,google,gg_uac_actions,46843.81,790922,28261,2166,14,5,1,2009.0,56.68
2026-07-22,google,gg_uac_actions,45902.64,651617,27519,2178,12,4,1,1808.0,30.95
2026-07-23,google,gg_uac_actions,40283.5,534385,24744,1921,11,3,0,608.0,18.4
2026-07-24,google,gg_uac_actions,43342.18,705272,26373,2128,12,4,1,1808.0,59.76
2026-07-25,google,gg_uac_actions,47316.34,751369,23528,2148,195,75,25,40120.0,969.84
2026-07-26,google,gg_uac_actions,52285.17,788014,21867,2332,223,73,19,33750.0,1066.67
2026-07-27,google,gg_uac_actions,53753.92,882494,31961,2374,255,80,21,37175.0,945.58
2026-07-28,google,gg_uac_actions,49104.08,809052,27570,2399,262,84,29,45978.0,1507.42
2026-07-29,google,gg_uac_actions,43461.53,567825,22084,1811,169,58,16,27711.0,840.84
2026-07-30,google,gg_uac_actions,43839.24,675375,20558,1961,202,70,16,30132.0,796.52
2026-07-31,google,gg_uac_actions,37673.24,485645,14453,1671,164,54,14,24910.0,660.06
2026-08-01,google,gg_uac_actions,57328.92,1021120,31437,2944,254,96,24,43358.0,2023.03
2026-08-02,google,gg_uac_actions,57561.66,842007,37448,2755,236,77,21,36559.0,261.99
2026-08-03,google,gg_uac_actions,50138.05,833913,23854,2199,235,76,20,35359.0,1167.48
2026-08-04,google,gg_uac_actions,50371.74,822044,23998,2429,252,90,19,37162.0,1342.38
2026-08-05,google,gg_uac_actions,44362.36,654609,21986,1930,219,69,17,30950.0,906.99
2026-08-06,google,gg_uac_actions,43064.17,760557,27791,2246,200,62,14,26538.0,567.27
2026-08-07,google,gg_uac_actions,46214.33,799545,25107,2265,207,69,17,30938.0,896.58
2026-08-08,google,gg_uac_actions,46276.06,735604,23137,2035,203,66,20,33337.0,990.93
2026-08-09,google,gg_uac_actions,53759.73,828593,26603,2434,228,71,23,37357.0,1200.82
2026-08-10,google,gg_uac_actions,49350.95,780496,26652,2271,202,59,17,28943.0,613.48
2026-08-11,google,gg_uac_actions,46527.52,765194,26711,2147,196,72,20,34524.0,954.03
2026-08-12,google,gg_uac_actions,46074.15,651120,24265,2003,206,71,20,34335.0,1227.08
2026-08-13,google,gg_uac_actions,46458.01,610876,18094,1810,168,57,16,27511.0,878.72
2026-08-14,google,gg_uac_actions,46495.46,811219,23191,2185,213,71,18,32342.0,911.83
2026-08-15,google,gg_uac_actions,54754.21,845429,28212,2287,235,84,27,43951.0,1712.29
2026-08-16,google,gg_uac_actions,48881.94,784642,23094,2222,214,87,28,45527.0,1099.82
2026-08-17,google,gg_uac_actions,54233.94,763127,28015,2503,239,85,20,37154.0,1299.79
2026-08-18,google,gg_uac_actions,46577.49,667227,19872,1825,203,58,14,25745.0,653.45
2026-08-19,google,gg_uac_actions,46978.69,687099,22729,2151,237,82,24,40555.0,1000.89
2026-08-20,google,gg_uac_actions,48677.59,732300,30196,2275,228,72,22,36556.0,791.75
2026-08-21,google,gg_uac_actions,52333.07,806948,29206,2385,266,90,20,38176.0,1270.41
2026-08-22,google,gg_uac_actions,57161.21,969442,31670,2742,272,90,19,37182.0,1038.2
2026-08-23,google,gg_uac_actions,56677.46,788562,26806,2471,241,86,23,40355.0,876.59
2026-08-24,google,gg_uac_actions,50302.87,786673,25626,2301,263,91,26,44372.0,1592.49
2026-08-25,google,gg_uac_actions,49441.87,702344,24861,2162,234,83,26,42751.0,1146.47
2026-08-26,google,gg_uac_actions,48396.34,756445,22426,2133,217,83,26,42734.0,1463.37
2026-08-27,google,gg_uac_actions,45769.79,755958,24438,2030,189,69,17,30920.0,824.09
2026-08-28,google,gg_uac_actions,50314.3,821891,25454,2112,218,75,24,39143.0,672.06
2026-08-29,google,gg_uac_actions,53974.88,817125,29040,2461,228,72,19,33556.0,568.04
2026-06-01,sharechat,sc_feed_video,19719.74,780881,29315,2301,118,27,3,8491.0,244.35
2026-06-02,sharechat,sc_feed_video,17783.18,724364,28121,2140,101,21,1,5280.0,80.43
2026-06-03,sharechat,sc_feed_video,25099.37,1164828,36630,3287,150,33,3,9717.0,224.75
2026-06-04,sharechat,sc_feed_video,20743.04,1087200,35932,2719,122,25,2,7097.0,165.68
2026-06-05,sharechat,sc_feed_video,21922.19,920004,28619,2663,130,32,3,9498.0,190.27
2026-06-06,sharechat,sc_feed_video,28316.94,1339314,42869,3798,171,37,3,10534.0,379.91
2026-06-07,sharechat,sc_feed_video,24988.59,1162669,30990,3167,142,27,2,7515.0,198.21
2026-06-08,sharechat,sc_feed_video,21218.1,1024008,33380,2794,138,31,2,8307.0,171.57
2026-06-09,sharechat,sc_feed_video,21435.42,950525,32798,2762,138,31,2,8307.0,226.75
2026-06-10,sharechat,sc_feed_video,21162.7,1005030,25612,2591,120,29,2,7891.0,246.55
2026-06-11,sharechat,sc_feed_video,22133.76,853220,27404,2534,124,27,2,7497.0,275.3
2026-06-12,sharechat,sc_feed_video,20358.36,814159,23946,2485,122,28,3,8694.0,281.49
2026-06-13,sharechat,sc_feed_video,24603.71,1137798,34674,3037,118,23,2,6695.0,121.97
2026-06-14,sharechat,sc_feed_video,26359.39,1146236,32011,3034,118,25,2,7093.0,257.89
2026-06-15,sharechat,sc_feed_video,19635.13,840331,32604,2493,115,25,2,7090.0,178.05
2026-06-16,sharechat,sc_feed_video,23602.59,1028268,35232,3030,138,27,2,7511.0,69.05
2026-06-17,sharechat,sc_feed_video,25701.48,1055776,35143,3259,160,30,3,9130.0,237.58
2026-06-18,sharechat,sc_feed_video,25692.96,1174244,44876,3428,169,35,3,10134.0,304.95
2026-06-19,sharechat,sc_feed_video,22008.0,976349,29107,2933,141,34,3,9907.0,257.0
2026-06-20,sharechat,sc_feed_video,23786.21,1084276,28633,2850,126,24,2,6902.0,222.45
2026-06-21,sharechat,sc_feed_video,23107.4,1161538,37615,3053,135,31,3,9304.0,243.56
2026-06-22,sharechat,sc_feed_video,20819.39,824212,31455,2335,119,26,2,7293.0,98.54
2026-06-23,sharechat,sc_feed_video,19934.07,833911,26386,2376,125,26,2,7299.0,265.49
2026-06-24,sharechat,sc_feed_video,16860.46,968136,26233,2295,114,24,2,6890.0,200.63
2026-06-25,sharechat,sc_feed_video,23755.32,1198808,35686,3083,144,35,3,10109.0,227.96
2026-06-26,sharechat,sc_feed_video,26065.69,985981,37272,2915,129,31,3,9298.0,296.07
2026-06-27,sharechat,sc_feed_video,27760.18,1344548,41275,3794,178,41,4,12337.0,333.55
2026-06-28,sharechat,sc_feed_video,27705.06,1123247,41263,3229,147,28,2,7719.0,216.13
2026-06-29,sharechat,sc_feed_video,24156.41,926317,31485,2807,133,31,3,9302.0,243.97
2026-06-30,sharechat,sc_feed_video,25242.78,959313,38877,2782,119,26,2,7293.0,153.48
2026-07-01,sharechat,sc_feed_video,25678.08,1094447,41698,3388,157,34,3,9923.0,371.53
2026-07-02,sharechat,sc_feed_video,20768.84,757885,22092,2406,112,21,1,5291.0,126.77
2026-07-03,sharechat,sc_feed_video,19630.94,657610,28909,2116,93,20,2,6073.0,205.52
2026-07-04,sharechat,sc_feed_video,29119.75,1168424,44418,3700,158,34,3,9924.0,355.78
2026-07-05,sharechat,sc_feed_video,25335.43,1129094,39121,3165,138,32,4,10506.0,397.62
2026-07-06,sharechat,sc_feed_video,23722.0,1010689,36623,2942,128,29,3,8899.0,331.34
2026-07-07,sharechat,sc_feed_video,22481.16,888166,30262,2750,128,28,2,7700.0,279.03
2026-07-08,sharechat,sc_feed_video,26296.03,1173639,42206,3525,188,32,3,9556.0,274.05
2026-07-09,sharechat,sc_feed_video,22944.96,997367,29995,2730,137,28,3,8709.0,217.14
2026-07-10,sharechat,sc_feed_video,19378.55,869760,32065,2444,113,28,3,8685.0,265.66
2026-07-11,sharechat,sc_feed_video,29545.83,1087732,40595,3404,156,34,2,8922.0,231.69
2026-07-12,sharechat,sc_feed_video,29891.68,1225259,39360,3372,162,38,3,10724.0,210.97
2026-07-13,sharechat,sc_feed_video,26948.52,1197146,34891,3278,153,37,3,10516.0,233.84
2026-07-14,sharechat,sc_feed_video,25541.79,938119,31551,2795,142,28,3,8714.0,225.62
2026-07-15,sharechat,sc_feed_video,25733.64,1004035,33898,3209,164,38,4,11726.0,410.44
2026-07-16,sharechat,sc_feed_video,24866.53,1036699,36927,3327,160,37,4,11523.0,237.72
2026-07-17,sharechat,sc_feed_video,22079.08,818093,26461,2396,100,22,2,6478.0,289.08
2026-07-18,sharechat,sc_feed_video,29771.44,1179032,38563,3463,143,31,3,9312.0,324.34
2026-07-19,sharechat,sc_feed_video,25119.09,1084878,37361,2988,135,26,2,7309.0,214.77
2026-07-20,sharechat,sc_feed_video,23713.11,913690,32469,2891,143,33,3,9710.0,179.97
2026-07-21,sharechat,sc_feed_video,23580.43,819580,26950,2597,124,28,3,8696.0,364.92
2026-07-22,sharechat,sc_feed_video,28161.42,1080275,37032,3331,169,34,3,9935.0,152.65
2026-07-23,sharechat,sc_feed_video,19935.82,792600,23969,2186,108,22,2,6486.0,273.65
2026-07-24,sharechat,sc_feed_video,24923.46,972752,42440,3205,135,33,3,9702.0,277.47
2026-07-25,sharechat,sc_feed_video,27327.58,956655,39984,3216,153,33,3,9720.0,372.19
2026-07-26,sharechat,sc_feed_video,29133.25,1075308,38590,3143,129,29,2,7900.0,215.01
2026-07-27,sharechat,sc_feed_video,26979.32,1105980,37349,2980,158,30,2,8128.0,266.65
2026-07-28,sharechat,sc_feed_video,22675.86,985145,29979,2835,125,25,2,7100.0,197.37
2026-07-29,sharechat,sc_feed_video,25686.25,974545,31757,3137,155,33,4,10722.0,147.55
2026-07-30,sharechat,sc_feed_video,25464.91,970825,30191,2881,150,31,3,9319.0,173.71
2026-07-31,sharechat,sc_feed_video,28209.86,1327645,43828,3398,172,40,4,12132.0,392.96
2026-08-01,sharechat,sc_feed_video,25110.33,993019,29992,2923,117,26,2,7291.0,138.88
2026-08-02,sharechat,sc_feed_video,27056.63,974479,37766,2880,129,24,2,6905.0,204.99
2026-08-03,sharechat,sc_feed_video,28048.88,1045163,38503,2842,135,29,3,8906.0,189.61
2026-08-04,sharechat,sc_feed_video,22858.22,897823,35951,2584,141,29,2,7912.0,176.93
2026-08-05,sharechat,sc_feed_video,30388.2,1361445,40681,3829,180,42,4,12538.0,354.88
2026-08-06,sharechat,sc_feed_video,22100.41,771849,30719,2397,115,27,3,8488.0,254.85
2026-08-07,sharechat,sc_feed_video,20941.65,906341,30808,2615,118,27,2,7491.0,200.93
2026-08-08,sharechat,sc_feed_video,28487.41,1134294,43273,3650,153,31,2,8322.0,306.07
2026-08-09,sharechat,sc_feed_video,34285.42,1307546,49320,4198,200,41,5,13359.0,478.68
2026-08-10,sharechat,sc_feed_video,24316.63,838471,25670,2384,125,25,2,7100.0,210.81
2026-08-11,sharechat,sc_feed_video,24746.17,902274,26745,2700,154,35,4,11119.0,262.3
2026-08-12,sharechat,sc_feed_video,30490.24,1187342,34489,3335,178,36,3,10342.0,171.23
2026-08-13,sharechat,sc_feed_video,26784.75,1089182,35841,3042,165,37,4,11528.0,346.53
2026-08-14,sharechat,sc_feed_video,24874.8,876437,30868,2786,127,25,2,7102.0,185.42
2026-08-15,sharechat,sc_feed_video,31509.16,1277949,30432,3225,144,27,3,8517.0,272.31
2026-08-16,sharechat,sc_feed_video,28507.04,1056984,29754,2973,137,32,3,9505.0,364.23
2026-08-17,sharechat,sc_feed_video,26227.9,964070,34004,2882,144,32,3,9512.0,221.9
2026-08-18,sharechat,sc_feed_video,26392.73,1038011,35551,3267,164,36,4,11328.0,355.14
2026-08-19,sharechat,sc_feed_video,24595.19,879635,36187,2922,161,31,2,8330.0,142.5
2026-08-20,sharechat,sc_feed_video,24073.75,900580,35461,2887,154,32,3,9522.0,251.66
2026-08-21,sharechat,sc_feed_video,22481.4,765615,31613,2610,100,22,2,6478.0,263.99
2026-08-22,sharechat,sc_feed_video,26700.04,979604,39759,3041,142,34,3,9908.0,280.26
2026-08-23,sharechat,sc_feed_video,28736.01,1043354,39917,3417,143,29,3,8914.0,217.96
2026-08-24,sharechat,sc_feed_video,25147.52,1015181,30967,2852,142,28,2,7714.0,167.62
2026-08-25,sharechat,sc_feed_video,23451.68,883037,27007,2516,120,26,3,8294.0,64.05
2026-08-26,sharechat,sc_feed_video,23201.16,838054,30221,2545,118,27,3,8491.0,245.55
2026-08-27,sharechat,sc_feed_video,20701.15,671539,22801,2061,99,19,2,5880.0,115.82
2026-08-28,sharechat,sc_feed_video,27194.91,888372,27819,2549,129,24,2,6905.0,232.45
2026-08-29,sharechat,sc_feed_video,26412.65,931872,32685,2570,120,27,2,7493.0,232.87
