date,channel,campaign,spend_inr,impressions,clicks,installs,trials,renewals,annual_renewals,revenue_inr,refunds_inr,trials_per_install,trial_rate_vs_normal,data_quality_flag
2026-07-19,google,gg_uac_actions,50517.75,759070,29052,2371,14,4,0,810.0,23.61,0.005904681568958245,0.05926314643182329,True
2026-07-20,google,gg_uac_actions,44118.08,666079,27314,2117,13,4,1,1809.0,51.16,0.006140765233821445,0.06163263251461263,True
2026-07-21,google,gg_uac_actions,46843.81,790922,28261,2166,14,5,1,2009.0,56.68,0.006463527239150508,0.06487207764997831,True
2026-07-22,google,gg_uac_actions,45902.64,651617,27519,2178,12,4,1,1808.0,30.95,0.005509641873278237,0.05529827634390123,True
2026-07-23,google,gg_uac_actions,40283.5,534385,24744,1921,11,3,0,608.0,18.4,0.005726184279021343,0.05747163389932264,True
2026-07-24,google,gg_uac_actions,43342.18,705272,26373,2128,12,4,1,1808.0,59.76,0.005639097744360902,0.05659757794972597,True
2026-07-19,google,gg_uac_installs,63324.62,1717698,48065,4873,16,4,0,812.0,20.77,0.0032833983172583622,0.05503567669907086,True
2026-07-20,google,gg_uac_installs,64707.58,1779490,60546,5240,20,5,0,1015.0,16.09,0.003816793893129771,0.06397634841473576,True
2026-07-21,google,gg_uac_installs,57477.04,1653426,49039,4531,14,4,0,810.0,16.94,0.003089825645552858,0.05179104965465698,True
2026-07-22,google,gg_uac_installs,63539.37,1752702,54972,4998,17,4,0,813.0,22.82,0.003401360544217687,0.057012936342383566,True
2026-07-23,google,gg_uac_installs,62062.5,1771378,53671,5037,18,4,0,814.0,27.04,0.00357355568790947,0.05989923746751913,True
2026-07-24,google,gg_uac_installs,56020.03,1575896,59951,4333,16,4,0,812.0,25.12,0.0036925917378259868,0.061894496320002844,True
